<?xml version="1.0"?>
<!DOCTYPE module PUBLIC "-//Checkstyle//DTD Checkstyle Configuration 1.3//EN" "https://checkstyle.org/dtds/configuration_1_3.dtd">
<module name="Checker">

	<!-- Root Checks -->
	<module name="io.spring.javaformat.checkstyle.check.SpringHeaderCheck">
		<property name="fileExtensions" value="java"/>
		<property name="headerType" value="apache2"/>
		<property name="headerCopyrightPattern" value="20\d\d-present"/>
		<property name="packageInfoHeaderType" value="none"/>
	</module>
	<module name="com.puppycrawl.tools.checkstyle.checks.NewlineAtEndOfFileCheck"/>

	<!-- TreeWalker Checks -->
	<module name="TreeWalker">

		<!-- Imports -->
		<module name="AvoidStarImport"/>
		<module name="UnusedImports"/>
		<module name="RedundantImport"/>
		<!-- Modifiers -->
		<module name="com.puppycrawl.tools.checkstyle.checks.modifier.ModifierOrderCheck"/>

	</module>

</module>
