<?xml version="1.0" encoding="UTF-8"?>
<beans xmlns="http://www.springframework.org/schema/beans"
	   xmlns:mvc="http://www.springframework.org/schema/mvc"
	   xmlns:xsi="http://www.w3.org/2001/XMLSchema-instance"
	   xsi:schemaLocation="
			http://www.springframework.org/schema/beans
			https://www.springframework.org/schema/beans/spring-beans.xsd
			http://www.springframework.org/schema/mvc
			https://www.springframework.org/schema/mvc/spring-mvc.xsd">

	<!-- tag::snippet[] -->
	<mvc:interceptors>
		<bean class="org.springframework.web.servlet.i18n.LocaleChangeInterceptor"/>
		<mvc:interceptor>
			<mvc:mapping path="/**"/>
			<mvc:exclude-mapping path="/admin/**"/>
			<bean class="org.springframework.web.servlet.handler.UserRoleAuthorizationInterceptor">
				<property name="authorizedRoles" value="ROLE_USER"/>
			</bean>
		</mvc:interceptor>
	</mvc:interceptors>
	<!-- end::snippet[] -->

</beans>