{
  "files": [
    {
      "aql": {
        "items.find": {
          "$and": [
            {
              "@build.name": "${buildname}",
              "@build.number": "${buildnumber}",
              "path": {"$match": "org*"}
            },
            {
              "$or": [
                {
                  "name": {"$match": "*.pom"}
                },
                {
                  "name": {"$match": "*.jar"}
                }
              ]
            }
          ]
        }
      },
      "target": "nexus/"
    }
  ]
}